{
  "Nbm": 3,
  "p_bm_min": [
    0.1,
    0.1,
    0.1
  ],
  "p_bm_max": [
    0.5,
    0.5,
    0.5
  ],
  "p_bm_rup": [
    0.5,
    0.5,
    0.5
  ],
  "p_bm_rdown": [
    0.5,
    0.5,
    0.5
  ],
  "kappa_bm": [
    0.025,
    0.025,
    0.025
  ],
  "kappa_bm_start": [
    10.14,
    10.14,
    10.14
  ],
  "Npv": 4,
  "kappa_pv": [
    0.022,
    0.022,
    0.022,
    0.022
  ],
  "Nwt": 2,
  "kappa_wt": [
    0.027,
    0.027
  ],
  "Nbat": 2,
  "eta_chg": [
    0.914,
    0.914
  ],
  "eta_dch": [
    0.914,
    0.914
  ],
  "soc_min": [
    0.5,
    0.5
  ],
  "soc_max": [
    0.75,
    0.75
  ],
  "p_bat_max": [
    0.1,
    0.1
  ],
  "kappa_bat": [
    0.038,
    0.038
  ],
  "Ndl": 2,
  "Nl": 3,
  "Nt": 24,
  "p_l": [
    [
      0.3943144193186418,
      0.3996082665441755,
      0.3421186902893358,
      0.343845291316535,
      0.3679728997891598,
      0.3765625804118207,
      0.3679455085606296,
      0.3265573352648854,
      0.3468287684628827,
      0.3477866416243536,
      0.403722349629043,
      0.4748022277157498,
      0.4601823948691128,
      0.4455525735370681,
      0.4896243241432874,
      0.4947419926214178,
      0.4786920568749763,
      0.4442122534077642,
      0.439736100710953,
      0.4316073093877912,
      0.4449441587262303,
      0.5757286341526419,
      0.5224096457209221,
      0.4488387052219416
    ],
    [
      0.7762087532226225,
      0.6269306210091526,
      0.5939546542001046,
      0.5891390032493132,
      0.5604340185578627,
      0.5396934656686719,
      0.5729483888163865,
      0.4896552070087618,
      0.5113524420559107,
      0.534295215364976,
      0.5704903298972214,
      0.5161047409001835,
      0.5538791311508817,
      0.6020700035139058,
      0.5775694999026803,
      0.6425768023588803,
      0.5907726815913281,
      0.5690608776470109,
      0.558236747741378,
      0.5522797206842653,
      0.6144418367850729,
      0.805537436883306,
      0.8032525241804933,
      0.8012523714079365
    ],
    [
      0.4044356774816104,
      0.3560178329374278,
      0.357419088751813,
      0.3568595527472273,
      0.3566572077134382,
      0.3653617332562468,
      0.3406830746295258,
      0.3238736520089741,
      0.3341516007748379,
      0.3813310788456629,
      0.3991960293465949,
      0.4791052267004216,
      0.4477263020828654,
      0.3965873527323118,
      0.4872658565651048,
      0.4815250688825175,
      0.4857067918159385,
      0.4839298056966109,
      0.4489019010942549,
      0.4375589724681557,
      0.4632188335840206,
      0.5865578965156973,
      0.4957798499452848,
      0.3744255743331329
    ]
  ],
  "p_pv": [
    [
      0.0,
      0.0,
      0.0,
      0.0,
      0.0,
      0.0,
      0.0,
      0.0,
      0.0,
      0.01613030313263319,
      0.2176521572732696,
      0.1726831684282804,
      0.5141548193923839,
      0.7329213521088711,
      0.7238937853870485,
      0.8018662974594492,
      0.8658472067447855,
      0.6968448541744054,
      0.5984083566901924,
      0.2139488287801529,
      0.01824649084298563,
      0.05604520537151476,
      0.0,
      0.0
    ],
    [
      0.0,
      0.0,
      0.0,
      0.0,
      0.0,
      0.0,
      0.0,
      0.0,
      0.0,
      0.04139831198121324,
      0.2589690529889093,
      0.4379083447650492,
      0.6169290148573554,
      0.8386151735683229,
      0.9023808970215538,
      0.9406635820409682,
      0.9152619219233183,
      0.8603315585110093,
      0.5699388500081378,
      0.4745285870399219,
      0.2414610895393987,
      0.02778488223395103,
      0.0,
      0.0
    ],
    [
      0.0,
      0.0,
      0.0,
      0.0,
      0.0,
      0.0,
      0.0,
      0.0,
      0.0,
      0.1313928669377437,
      0.3804896080512264,
      0.6040685403574878,
      0.7725933963726553,
      0.881330264836698,
      0.9347030275568486,
      0.9397588924794009,
      0.8801974649130129,
      0.7397660470052347,
      0.5923947390386702,
      0.373370854846595,
      0.138070424382624,
      0.001323587279253068,
      0.0,
      0.0
    ],
    [
      0.0,
      0.0,
      0.0,
      0.0,
      0.0,
      0.0,
      0.0,
      0.0,
      0.0,
      0.02913522207101324,
      0.2816528516639862,
      0.3929481628108376,
      0.5964493381170358,
      0.7322528764072745,
      0.7756649758752939,
      0.8603488803662007,
      0.8856365210936534,
      0.7437213905728072,
      0.6090560435481877,
      0.388618087343808,
      0.2598416429543486,
      6.185822095756526e-05,
      0.0,
      0.0
    ]
  ],
  "p_wt": [
    [
      0.001824184695917695,
      0.0,
      0.00572637176557884,
      0.1420705603348221,
      0.0,
      0.0004547461652197514,
      0.02608405753456773,
      0.0,
      8.416434119202221e-06,
      0.06900565265480464,
      0.0,
      0.03012176228684221,
      0.000772304699249724,
      0.01615748930462281,
      0.008623872426109094,
      0.01158816986178953,
      0.0,
      0.0,
      0.0,
      3.084448182346859e-05,
      0.0,
      0.1716021686731701,
      0.0,
      0.0
    ],
    [
      0.07862079960224094,
      0.3670182606746372,
      0.01513210841035733,
      0.005136872314204226,
      0.2976380163134526,
      0.04151861547393639,
      0.001229283609665524,
      0.0001567226217042474,
      0.007872482683139179,
      0.01646007607238095,
      0.3274362817592338,
      0.01022203595989446,
      0.0,
      0.2006839478885786,
      0.01650353114360232,
      0.03581204240265706,
      1.094663879602731e-05,
      0.04188206151542174,
      0.0008449775929801433,
      0.02959214640732866,
      0.2123119373769831,
      0.03475994064525145,
      0.04203937953548434,
      0.0
    ]
  ],
  "p_dl_ref": [
    [
      0.0983398820468694,
      0.09698687835849058,
      0.08345351864886268,
      0.08370640838601394,
      0.08378410736394547,
      0.08994066828883121,
      0.08501620163701397,
      0.07922523682112961,
      0.07902823714246689,
      0.101101609546035,
      0.09935367260477616,
      0.1099407374825662,
      0.1136865365452212,
      0.1074085959399897,
      0.1119164879057305,
      0.1143278666227143,
      0.1083398499748141,
      0.1152344690344259,
      0.09923506922796953,
      0.101450610432383,
      0.1107624905968,
      0.1284480788124329,
      0.1217613709812119,
      0.09597581480743103
    ],
    [
      0.6782544131460767,
      0.5948358064583458,
      0.5769488443559392,
      0.5909423894489585,
      0.5262164666949887,
      0.5762880630536785,
      0.5035643651381433,
      0.5063299422464679,
      0.5217863370337744,
      0.4864457108692544,
      0.5198505640828736,
      0.4981101506437682,
      0.5652677883409332,
      0.5620444776338627,
      0.5312217697228268,
      0.6678502193349785,
      0.5640811964518418,
      0.615444747337255,
      0.5516513745446038,
      0.582323443565097,
      0.7053287007979927,
      0.8043208900906889,
      0.8431834091123155,
      0.7379411903707473
    ]
  ],
  "tau_pld": [
    139.23,
    153.26,
    150.54,
    153.93,
    155.47,
    162.5,
    167.39,
    162.91,
    173.43,
    173.07,
    172.36,
    171.22,
    173.95,
    166.95,
    165.26,
    174.48,
    177.6,
    178.55,
    177.83,
    176.89,
    170.94,
    162.76,
    192.08,
    196.85
  ],
  "tau_dist": [
    0.5706,
    0.5706,
    0.5706,
    0.5706,
    0.5706,
    0.5706,
    0.5706,
    0.5706,
    0.5706,
    0.5706,
    0.5706,
    0.5706,
    0.5706,
    0.5706,
    0.5706,
    0.5706,
    0.8802,
    0.8802,
    1.33333,
    1.33333,
    1.33333,
    0.8802,
    0.5706,
    0.5706
  ],